experiment,method,n_rep,setting,statistic,auc,auc_mcse,auc_selected,auc_selected_mcse,brier,brier_mcse,intercept,intercept_corr,intercept_corr_mcse,intercept_mcse,prevalence_selected,prevalence_selected_mcse,slope,slope_corr,slope_corr_mcse,slope_mcse
A,Image only,200,0.0,mean,0.8039990578133666,0.0007345784126399486,,,0.15951293835110042,0.00035015700068849996,-0.15619899885610122,,,0.007736466143596441,,,0.7432757861457,,,0.00550671493289316
A,Image only (shrinkage LDA),200,0.0,mean,0.812957188871603,0.0005928862094623299,,,0.15436304708920484,0.0002747810632653518,-0.06708146398267305,,,0.00786806013856454,,,0.853781409151815,,,0.004441176107026523
A,Late (Prop. 1),200,0.0,mean,0.818716819579391,0.0007032767236222115,,,0.15378145963152828,0.0003501590637354592,-0.14381344308876243,,,0.007841267319060258,,,0.7441636502723328,,,0.005058495647765743
A,"Late (logit sum, uncorrected)",200,0.0,mean,0.818716819579391,0.0007032767236222115,,,0.1644410857548589,0.0005266307007822064,0.4835698986301589,,,0.013160635718064894,,,0.7441800846841653,,,0.005058486038839953
A,Late (naive averaging),200,0.0,mean,0.8132982515297613,0.0007167955348131183,,,0.16041905332081025,0.00025740725932516564,0.5587777880610829,,,0.01258358228718205,,,1.7815728373491033,,,0.00951187770287576
A,Early (ridge logistic),200,0.0,mean,0.8149768151585133,0.0007557874426992255,,,0.15624534235635287,0.00038431933459313867,-0.17738262549110537,,,0.007770473299314643,,,0.7015005968281761,,,0.0054752098618715325
A,Joint (shrinkage LDA),200,0.0,mean,0.8267730464674093,0.000582728489266055,,,0.14895396312225942,0.00028631632054801923,-0.06435672463169854,,,0.00793347804293668,,,0.8420338919509982,,,0.0039202669015706475
A,Image only,200,0.15,mean,0.7731601422247155,0.0007421177659801254,,,0.17087767701614834,0.0003501015744381771,-0.19253927517744926,,,0.0069370698232001805,,,0.7136254296565356,,,0.0056608403091606835
A,Image only (shrinkage LDA),200,0.15,mean,0.7855701373279451,0.0005977512575854223,,,0.16701934584735226,0.000287279151333499,-0.21231699356188571,,,0.006370514976963767,,,0.7019241424557628,,,0.004041882755626693
A,Late (Prop. 1),200,0.15,mean,0.7918720070281898,0.0007063128376621348,,,0.1643390689369177,0.00035210046900128366,-0.1749502306544877,,,0.007160043383185462,,,0.7221260523135602,,,0.005299741786837911
A,"Late (logit sum, uncorrected)",200,0.15,mean,0.7918720070281898,0.0007063128376621348,,,0.17506137574831776,0.000512555436659572,0.43418357811192754,,,0.01254043870259628,,,0.722150866854856,,,0.00529899300912416
A,Late (naive averaging),200,0.15,mean,0.78804882961716,0.0007045601132441929,,,0.1680753705149369,0.0002399274575636359,0.4921343434579277,,,0.012136794021730499,,,1.6846432553962865,,,0.010007841090721318
A,Early (ridge logistic),200,0.15,mean,0.7960109065588117,0.0006961925924048691,,,0.16361385071101398,0.0003626493490768258,-0.19511830067011413,,,0.006854694066027354,,,0.6935534881823026,,,0.005253581151206775
A,Joint (shrinkage LDA),200,0.15,mean,0.8037710465313832,0.000598823987521705,,,0.15999879127005173,0.0003102252483980401,-0.18298118760876952,,,0.006963320217198927,,,0.7236886082744407,,,0.004337079013822396
A,Image only,200,0.3,mean,0.7532064698452487,0.0008569800735731241,,,0.17708370580216393,0.00037472141424525903,-0.20908518232976228,,,0.007107129265851451,,,0.6984553093475807,,,0.0056948007571863465
A,Image only (shrinkage LDA),200,0.3,mean,0.7661155748509378,0.0006648912406685215,,,0.1755608639577092,0.0003366620005415556,-0.2777551120044495,,,0.006812350028416269,,,0.6307620870851808,,,0.004352287303461958
A,Late (Prop. 1),200,0.3,mean,0.7737548259007235,0.000863359144752966,,,0.170526887347806,0.00040469026452116233,-0.18840889514802914,,,0.007629926137605218,,,0.707875089362426,,,0.005809519281438997
A,"Late (logit sum, uncorrected)",200,0.3,mean,0.7737548259007235,0.000863359144752966,,,0.1816432481334555,0.0006056894691459767,0.4131434347010178,,,0.0130583577643209,,,0.7078882255805158,,,0.005808968750299905
A,Late (naive averaging),200,0.3,mean,0.7703115198845656,0.0008809529543287757,,,0.1727097839098934,0.0002811530618514273,0.45508848611547287,,,0.01260449420666035,,,1.6174728158807345,,,0.011599544599731977
A,Early (ridge logistic),200,0.3,mean,0.7865877180847767,0.0008247199973609339,,,0.1670689402640827,0.0003994684823389768,-0.2090699198799928,,,0.007280652384280539,,,0.6813178199719112,,,0.005444892027589712
A,Joint (shrinkage LDA),200,0.3,mean,0.7921474904260916,0.0007376060305981487,,,0.164287102933224,0.00036608560053950294,-0.19274883539171983,,,0.007847701973594719,,,0.7108384269349607,,,0.004870158251844183
A,Image only,200,0.45,mean,0.7403009336855989,0.0008473791513121464,,,0.18142148117233955,0.000340558673681442,-0.2090036082771701,,,0.007157707121388554,,,0.678178317373351,,,0.0048579194493615675
A,Image only (shrinkage LDA),200,0.45,mean,0.751488655485378,0.0006982452325340332,,,0.18124182567622213,0.00037358433142755363,-0.28476638691167044,,,0.00667153716926684,,,0.6045150315582876,,,0.0049394312776304536
A,Late (Prop. 1),200,0.45,mean,0.7623771647636441,0.0008423909411451226,,,0.17481173778902556,0.00037594364067589575,-0.18885182442111778,,,0.007630859239278732,,,0.6912457368393474,,,0.0052926295278208765
A,"Late (logit sum, uncorrected)",200,0.45,mean,0.7623771647636441,0.0008423909411451226,,,0.1869250045141542,0.000529945092287058,0.40595793654505113,,,0.013445119575335535,,,0.6912373212000787,,,0.005291056474089871
A,Late (naive averaging),200,0.45,mean,0.7595373934935904,0.0008600619707428766,,,0.17592527390248372,0.00023479660895103606,0.44511763092549134,,,0.013239724280296671,,,1.5697936221174071,,,0.011049595215027682
A,Early (ridge logistic),200,0.45,mean,0.7835074917578418,0.0007506640365443335,,,0.1682072980388084,0.0003596597317971401,-0.19370980064971186,,,0.007327801667961533,,,0.6823087455392529,,,0.004664867339104165
A,Joint (shrinkage LDA),200,0.45,mean,0.7874075336400622,0.0007478957982386433,,,0.16576069669346855,0.0003640662715524508,-0.16013204329449784,,,0.007811282955103805,,,0.7308931016053318,,,0.005269502227419926
A,Image only,200,0.6,mean,0.7317125149013606,0.0008749190354604183,,,0.18369342413685025,0.00037371713419833774,-0.20774600472903565,,,0.00673445053227156,,,0.6774013094349479,,,0.00534423893926158
A,Image only (shrinkage LDA),200,0.6,mean,0.74250787144882,0.0007793371162915273,,,0.18332974066550545,0.00038094649522400135,-0.27584785914896837,,,0.00694336724080711,,,0.6093317619619755,,,0.004691054322445898
A,Late (Prop. 1),200,0.6,mean,0.7547698539985613,0.0008875566412388626,,,0.17683034280799625,0.0003949179188284552,-0.18470471612249661,,,0.007115057901020026,,,0.6942799681946835,,,0.00546685900564909
A,"Late (logit sum, uncorrected)",200,0.6,mean,0.7547698539985613,0.0008875566412388626,,,0.18949699510705906,0.0006211637559742846,0.41090820021687735,,,0.012583384670794211,,,0.6942682660892188,,,0.005465181013043373
A,Late (naive averaging),200,0.6,mean,0.7523621577422108,0.0008691177910682096,,,0.17782042750623994,0.00027938665213341054,0.4484562933488601,,,0.012381295127572372,,,1.5652959706304101,,,0.010881772469144494
A,Early (ridge logistic),200,0.6,mean,0.7809544063508791,0.000804247486265191,,,0.16878503249155682,0.00036829069174690754,-0.17994635569764814,,,0.006957783903952958,,,0.6892705977750865,,,0.004904468136796946
A,Joint (shrinkage LDA),200,0.6,mean,0.7862591817745965,0.000780576287159858,,,0.16544185888369126,0.00035127574709625396,-0.1297495103909428,,,0.007512126027431528,,,0.7573458440076533,,,0.004700487285475794
A,Image only,200,0.75,mean,0.7231892609167003,0.0008972550544256356,,,0.1863963164268716,0.00039584805853999015,-0.24320319019838352,,,0.0067876876671088115,,,0.662259023476032,,,0.005301735333142934
A,Image only (shrinkage LDA),200,0.75,mean,0.7335739438926216,0.0007412870885291399,,,0.18534054019501822,0.00039216043622383306,-0.28497404924775616,,,0.006522075949944711,,,0.6223126371917964,,,0.004839941508090607
A,Late (Prop. 1),200,0.75,mean,0.7475746655732318,0.0008630786907983985,,,0.1793499006361222,0.00041844660668745434,-0.21780053167093313,,,0.006932216512967637,,,0.6816689283466334,,,0.005695391641444924
A,"Late (logit sum, uncorrected)",200,0.75,mean,0.7475746655732318,0.0008630786907983985,,,0.1903243690254521,0.0005421241160471998,0.3570322409494787,,,0.012280020663859734,,,0.6816656858051158,,,0.005694716294506248
A,Late (naive averaging),200,0.75,mean,0.7449825021559161,0.0008600693303749729,,,0.17925808780532734,0.0002659877470429925,0.3862481145016127,,,0.011888356741613735,,,1.5260930918715905,,,0.011623546765770907
A,Early (ridge logistic),200,0.75,mean,0.7772522820869454,0.0008300435795050948,,,0.1705862963443989,0.00041555849472008923,-0.2164019547049693,,,0.007280338176499377,,,0.6768576782700996,,,0.0052918687589873425
A,Joint (shrinkage LDA),200,0.75,mean,0.7825339519576496,0.0007190452700497575,,,0.16671996027610456,0.0003476887694572008,-0.15264574989706,,,0.0071839841562453925,,,0.7577029862195223,,,0.004742773498367854
A,Image only,200,0.9,mean,0.7186393086158214,0.0008150183049282245,,,0.1871310492939765,0.0003420944936584628,-0.24463150035205308,,,0.006239836473813748,,,0.6555092128601359,,,0.005063023270822867
A,Image only (shrinkage LDA),200,0.9,mean,0.7288908603323346,0.0007314810231791692,,,0.18538430006587142,0.00034267026134427326,-0.26823018433363005,,,0.006181301179172038,,,0.6361079313245079,,,0.004554751198783915
A,Late (Prop. 1),200,0.9,mean,0.7441572356679739,0.0008322136993695574,,,0.18015022452198565,0.00038129662425641814,-0.22099735471069282,,,0.006629936314420291,,,0.6737453231477663,,,0.005429324984754653
A,"Late (logit sum, uncorrected)",200,0.9,mean,0.7441572356679739,0.0008322136993695574,,,0.19142022878763748,0.0005498539608484793,0.3506610341535555,,,0.011741372131114876,,,0.6737422958470347,,,0.00542794830997135
A,Late (naive averaging),200,0.9,mean,0.7418879193785025,0.0008337619988067359,,,0.17966611632723417,0.0002586878816231344,0.3770913169246563,,,0.011553161560462419,,,1.5047483243163695,,,0.011074794441916582
A,Early (ridge logistic),200,0.9,mean,0.7761499575493866,0.0007561672861023177,,,0.1709032717877767,0.00037075362956186345,-0.22051561405202136,,,0.006899754208470219,,,0.6646771214565256,,,0.005218784993259991
A,Joint (shrinkage LDA),200,0.9,mean,0.7816042481394399,0.0007197181858077578,,,0.16671110384964472,0.0003303668726666232,-0.14962893141671507,,,0.00692610697451684,,,0.7569435196200078,,,0.004580566450093833
A2,Image only (tuned),100,0.0,mean,0.8082380747965046,0.0009438745365528973,,,0.15604295043724853,0.0004035555624212748,0.0668181296371146,,,0.014581267821047243,,,1.0975834638674093,,,0.015319152042705318
A2,"Late (Prop. 1, tuned)",100,0.0,mean,0.8229421049384915,0.0008622144006433359,,,0.1502497630278916,0.00041087203164246215,0.05623030709100246,,,0.013879675019882156,,,1.0786832037776066,,,0.014139362622978218
A2,Early (tuned),100,0.0,mean,0.8218643072130045,0.0008955684433190012,,,0.1507596329587019,0.00041262287464180264,0.07814177366636708,,,0.014627085841601242,,,1.1086499868526374,,,0.013856260578042748
A2,Image only (tuned),100,0.3,mean,0.7597922735161822,0.0009303166635117857,,,0.171871479726032,0.00038311291820330746,-0.0037759468156337585,,,0.012222296058206135,,,0.9844342077637994,,,0.007798899917196224
A2,"Late (Prop. 1, tuned)",100,0.3,mean,0.7797448579091342,0.0010862783434242625,,,0.1655540406680604,0.0004173886522008863,-0.008246404195452934,,,0.013252078204659928,,,0.9783157327275783,,,0.008902081101357212
A2,Early (tuned),100,0.3,mean,0.7931476808697667,0.0009629309428829126,,,0.16104219922273263,0.00039096158985040924,0.03125924887250776,,,0.013181875700193527,,,1.0362810463944023,,,0.009769171923982193
A2,Image only (tuned),100,0.6,mean,0.736108212303895,0.001241181838962157,,,0.1787484460896055,0.00038698256294920604,-0.030454537906777556,,,0.011893269519452953,,,0.9376027500394286,,,0.007896075211569022
A2,"Late (Prop. 1, tuned)",100,0.6,mean,0.7590504785390586,0.0012564860421512736,,,0.17227431231918117,0.00045275979200810657,-0.02432693674552959,,,0.012455126211534082,,,0.940585293103617,,,0.009608740201220121
A2,Early (tuned),100,0.6,mean,0.7842991284465183,0.001118470588033254,,,0.16417010555915135,0.00041969150483643386,0.034400239683648526,,,0.013763036635259305,,,1.0200187184624598,,,0.01146950404633767
A2,Image only (tuned),100,0.9,mean,0.7254700528901139,0.0011043665624026551,,,0.1822169215311498,0.00037004488033097406,-0.05546886318516707,,,0.012141513224579313,,,0.9184926093059756,,,0.008179370085127053
A2,"Late (Prop. 1, tuned)",100,0.9,mean,0.7503438113976145,0.0011865268236291196,,,0.17547262404928968,0.000451034698292425,-0.04860802374563027,,,0.01366945830003689,,,0.9241718204917185,,,0.01042535418450335
A2,Early (tuned),100,0.9,mean,0.7825084579466994,0.0009852209102164298,,,0.16503857558442864,0.00039153927725649976,0.031293574278552214,,,0.01365449659299529,,,1.0409037960523266,,,0.00831272562723967
B,Early (CV ridge),100,"0.7,0.85",mean,0.7924070822125167,0.0009964536004312956,,,,,0.5059654831617663,-0.22722614621142775,0.008665043497721795,0.01286993292886606,,,1.8718648721509195,0.6433791056388765,0.009610133829715853,0.013490317357841976
B,Early (CV ridge),100,"0.8,0.9",mean,0.804208102507692,0.0008015131451586412,,,,,0.2695810862946735,-0.1559799146225077,0.008126310600483399,0.009636256885352313,,,1.5139065064822141,0.778298815164125,0.00866747329321248,0.00852380531321122
B,Early (CV ridge),100,"0.9,0.95",mean,0.8115722196856848,0.0008249766364808433,,,,,0.10590487301139763,-0.08438859155372647,0.007576311549805641,0.00819572354775074,,,1.2235457426077774,0.8825228753419561,0.007749868530731963,0.007361687347250526
B,Early (CV ridge),100,"1.0,1.0",mean,0.8150480934699152,0.0007469291308795887,,,,,-0.021101490043405925,-0.021101490043405925,0.006721216463061364,0.006721216463061364,,,0.9601273784690346,0.9601273784690346,0.005263074771685358,0.005263074771685358
C,Early (ridge logistic),200,0,median,0.801903275964806,0.00060833493429076,0.8038637962244063,0.0009754198868609028,,,0.07539096134962417,0.0760967406313123,0.004785385967156577,0.006485983136383028,0.301,0.0009481189390646437,0.8059006600630909,,,0.003960343739721019
C,Early (ridge logistic),200,1,median,0.802621591129482,0.0006881537035059831,0.794798554079317,0.0009396479104828253,,,-0.4082870845114799,0.013317865211030597,0.005080998289899955,0.005773030201784372,0.4145,0.0011186153838046485,0.8426073878330193,,,0.00471266656314267
C,Early (ridge logistic),200,2,median,0.7990377292741118,0.0006075857913107246,0.7912870924169608,0.0008796473895218067,,,-0.7712568607559693,-0.05038231283431398,0.005173580238417646,0.006358530409881804,0.498,0.0011940660970905703,0.861376066965492,,,0.004723337619587959
C,Early (ridge logistic),200,3,median,0.7938002836405795,0.0006015035338048249,0.7866494375612268,0.0007067184369152106,,,-0.9723393553952042,-0.105669937193173,0.005388760192436454,0.005624795553850368,0.543,0.0010592156005470323,0.8452450151219023,,,0.004408348496518153
Apop,Population: image-only Bayes rule,0,0.0,closed form,0.8319172243793242,0.0,,,,,,,,,,,,,,
Apop,Population: late-fusion rule,0,0.0,closed form,0.8472464565693729,0.0,,,,,,,,,,,,,,
Apop,Population: Bayes rule,0,0.0,closed form,0.8472464565693729,0.0,,,,,,,,,,,,,,
Apop,Population: image-only Bayes rule,0,0.15,closed form,0.8043524705173644,0.0,,,,,,,,,,,,,,
Apop,Population: late-fusion rule,0,0.15,closed form,0.8231185914563478,0.0,,,,,,,,,,,,,,
Apop,Population: Bayes rule,0,0.15,closed form,0.8292689478624471,0.0,,,,,,,,,,,,,,
Apop,Population: image-only Bayes rule,0,0.3,closed form,0.7872124258974322,0.0,,,,,,,,,,,,,,
Apop,Population: late-fusion rule,0,0.3,closed form,0.8083151484617637,0.0,,,,,,,,,,,,,,
Apop,Population: Bayes rule,0,0.3,closed form,0.8221651044778593,0.0,,,,,,,,,,,,,,
Apop,Population: image-only Bayes rule,0,0.45,closed form,0.775492735766127,0.0,,,,,,,,,,,,,,
Apop,Population: late-fusion rule,0,0.45,closed form,0.7982950194599584,0.0,,,,,,,,,,,,,,
Apop,Population: Bayes rule,0,0.45,closed form,0.8183596685422745,0.0,,,,,,,,,,,,,,
Apop,Population: image-only Bayes rule,0,0.6,closed form,0.7669590964167006,0.0,,,,,,,,,,,,,,
Apop,Population: late-fusion rule,0,0.6,closed form,0.7910565178412498,0.0,,,,,,,,,,,,,,
Apop,Population: Bayes rule,0,0.6,closed form,0.8159880697234811,0.0,,,,,,,,,,,,,,
Apop,Population: image-only Bayes rule,0,0.75,closed form,0.7604610325162218,0.0,,,,,,,,,,,,,,
Apop,Population: late-fusion rule,0,0.75,closed form,0.7855797353859855,0.0,,,,,,,,,,,,,,
Apop,Population: Bayes rule,0,0.75,closed form,0.8143683495770948,0.0,,,,,,,,,,,,,,
Apop,Population: image-only Bayes rule,0,0.9,closed form,0.7553443928314829,0.0,,,,,,,,,,,,,,
Apop,Population: late-fusion rule,0,0.9,closed form,0.7812898659604276,0.0,,,,,,,,,,,,,,
Apop,Population: Bayes rule,0,0.9,closed form,0.8131918564328318,0.0,,,,,,,,,,,,,,
